{"test_accuracy": 0.896711884399882, "precision": 0.5830357142857143, "recall": 0.4114681789540013, "f1_score": 0.4824528998891762, "auc_roc": 0.8926428458578375, "confusion_matrix": [[11510, 467], [934, 653]], "training_iterations": 13, "training_score": 0.900180111858944, "best_validation_score": 0.909952606635071}