{"test_accuracy": 0.888897080507225, "precision": 0.543010752688172, "recall": 0.3182104599873976, "f1_score": 0.40127135478744536, "auc_roc": 0.8646958760855387, "confusion_matrix": [[11552, 425], [1082, 505]], "training_iterations": 15, "training_score": 0.8915221032009353, "best_validation_score": 0.8947867298578199, "selected_features": ["duration", "pdays", "job_encoded", "contact_encoded", "previous"]}